{
  "_generated": "Generated by SweetTooth, do not edit", 
  "description": "Shows a notification when extension updates are available.\n\nForked from https://extensions.gnome.org/extension/797/extension-update-notifier/, since it is not maintained anymore.", 
  "name": "Extension Update Notifier", 
  "shell-version": [
    "3.14", 
    "3.16", 
    "3.18", 
    "3.20", 
    "3.22", 
    "3.24", 
    "3.26", 
    "3.28"
  ], 
  "url": "https://github.com/franglais125/update-extensions", 
  "uuid": "update-extensions@franglais125.gmail.com", 
  "version": 9
}